Actor,Fail Rate,n,Prevalence Rate,n
0.233,43,0.000591,6
0.0794,214,0.00128,13
0.125,16,0.00069,7
0.182,570,0.037,375
0.0469,64,0.00384,39
0.53,447,0.00868,88
