Actor,Fail Rate,n,Prevalence Rate,n
0.53,447,0.0308,88
0.125,16,0.00245,7
0.182,570,0.131,375
0.0469,64,0.0136,39
0.0794,214,0.00454,13
0.233,43,0.0021,6
