Actor,Fail Rate,n,N,Prevalence Rate,n,N
Competitor,0.125,16,0,0.00069,7,10144
Former employee,0.0469,64,0,0.00384,39,10144
Activist,0.53,447,0,0.00868,88,10144
Nation-state,0.233,43,0,0.000591,6,10144
Organized crime,0.182,570,0,0.037,375,10144
State-affiliated,0.0794,214,0,0.00128,13,10144
