Actor,Success Rate,n,Prevalence Rate,n
0.87,791,0.0765,219
0.638,730,0.131,375
0.433,485,0.0308,88
0.891,221,0.00454,13
0.792,77,0.0136,39
0.647,51,0.0021,6
0.917,24,0.00315,9
0.778,18,0.00245,7
